policy,ips_estimate,match_rate,effective_sample_size,n,ips_diff_uplift_minus_cf_mean,ips_diff_ci_low_90,ips_diff_ci_high_90
logged_existing,1.0495665,1.0,2000.0,2000,-0.04665944090709801,-0.07635695374998068,-0.019328104432724452
cf_baseline,1.6206588179550225,0.715,1266.0317987775156,2000,-0.04665944090709801,-0.07635695374998068,-0.019328104432724452
uplift_causal_model,1.573931927031316,0.7165,1297.8964042770167,2000,-0.04665944090709801,-0.07635695374998068,-0.019328104432724452
